# 1:iteration	2:time	3:pt_loc_t[0]	4:pt_loc_t[1]	5:pt_loc_t[2]	6:pt_loc_t[3]	7:pt_loc_t[4]	8:pt_loc_t[5]	9:pt_loc_t[6]	10:pt_loc_t[7]	11:pt_loc_t[8]	12:pt_loc_t[9]	13:pt_loc_x[0]	14:pt_loc_x[1]	15:pt_loc_x[2]	16:pt_loc_x[3]	17:pt_loc_x[4]	18:pt_loc_x[5]	19:pt_loc_x[6]	20:pt_loc_x[7]	21:pt_loc_x[8]	22:pt_loc_x[9]	23:pt_loc_y[0]	24:pt_loc_y[1]	25:pt_loc_y[2]	26:pt_loc_y[3]	27:pt_loc_y[4]	28:pt_loc_y[5]	29:pt_loc_y[6]	30:pt_loc_y[7]	31:pt_loc_y[8]	32:pt_loc_y[9]	33:pt_loc_z[0]	34:pt_loc_z[1]	35:pt_loc_z[2]	36:pt_loc_z[3]	37:pt_loc_z[4]	38:pt_loc_z[5]	39:pt_loc_z[6]	40:pt_loc_z[7]	41:pt_loc_z[8]	42:pt_loc_z[9]
131584	4.2833333333333337e+02	4.2833333333333337e+02	4.2833333333333337e+02	0.0000000000000000e+00	0.0000000000000000e+00	0.0000000000000000e+00	0.0000000000000000e+00	0.0000000000000000e+00	0.0000000000000000e+00	0.0000000000000000e+00	0.0000000000000000e+00	-1.2495312776596172e+00	1.2495312750861132e+00	0.0000000000000000e+00	0.0000000000000000e+00	0.0000000000000000e+00	0.0000000000000000e+00	0.0000000000000000e+00	0.0000000000000000e+00	0.0000000000000000e+00	0.0000000000000000e+00	7.6997536795264299e-01	-7.6997536131103184e-01	0.0000000000000000e+00	0.0000000000000000e+00	0.0000000000000000e+00	0.0000000000000000e+00	0.0000000000000000e+00	0.0000000000000000e+00	0.0000000000000000e+00	0.0000000000000000e+00	1.6313209862626299e-13	2.0657075840554978e-13	0.0000000000000000e+00	0.0000000000000000e+00	0.0000000000000000e+00	0.0000000000000000e+00	0.0000000000000000e+00	0.0000000000000000e+00	0.0000000000000000e+00	0.0000000000000000e+00
