# 1:iteration	2:time	3:pt_loc_t[0]	4:pt_loc_t[1]	5:pt_loc_t[2]	6:pt_loc_t[3]	7:pt_loc_t[4]	8:pt_loc_t[5]	9:pt_loc_t[6]	10:pt_loc_t[7]	11:pt_loc_t[8]	12:pt_loc_t[9]	13:pt_loc_x[0]	14:pt_loc_x[1]	15:pt_loc_x[2]	16:pt_loc_x[3]	17:pt_loc_x[4]	18:pt_loc_x[5]	19:pt_loc_x[6]	20:pt_loc_x[7]	21:pt_loc_x[8]	22:pt_loc_x[9]	23:pt_loc_y[0]	24:pt_loc_y[1]	25:pt_loc_y[2]	26:pt_loc_y[3]	27:pt_loc_y[4]	28:pt_loc_y[5]	29:pt_loc_y[6]	30:pt_loc_y[7]	31:pt_loc_y[8]	32:pt_loc_y[9]	33:pt_loc_z[0]	34:pt_loc_z[1]	35:pt_loc_z[2]	36:pt_loc_z[3]	37:pt_loc_z[4]	38:pt_loc_z[5]	39:pt_loc_z[6]	40:pt_loc_z[7]	41:pt_loc_z[8]	42:pt_loc_z[9]
120320	3.2638888888888886e+02	3.2638888888888886e+02	3.2638888888888886e+02	0.0000000000000000e+00	0.0000000000000000e+00	0.0000000000000000e+00	0.0000000000000000e+00	0.0000000000000000e+00	0.0000000000000000e+00	0.0000000000000000e+00	0.0000000000000000e+00	1.4052573367376082e+00	-1.4052573367405259e+00	0.0000000000000000e+00	0.0000000000000000e+00	0.0000000000000000e+00	0.0000000000000000e+00	0.0000000000000000e+00	0.0000000000000000e+00	0.0000000000000000e+00	0.0000000000000000e+00	2.7351269141594243e+00	-2.7351269141594461e+00	0.0000000000000000e+00	0.0000000000000000e+00	0.0000000000000000e+00	0.0000000000000000e+00	0.0000000000000000e+00	0.0000000000000000e+00	0.0000000000000000e+00	0.0000000000000000e+00	-1.0854705115180798e-12	-1.1810392568992570e-12	0.0000000000000000e+00	0.0000000000000000e+00	0.0000000000000000e+00	0.0000000000000000e+00	0.0000000000000000e+00	0.0000000000000000e+00	0.0000000000000000e+00	0.0000000000000000e+00
